--
-- PostgreSQL database dump
--

-- Dumped from database version 12.15
-- Dumped by pg_dump version 15.2

-- Started on 2023-07-25 21:38:17

SET statement_timeout = 0;
SET lock_timeout = 0;
SET idle_in_transaction_session_timeout = 0;
SET client_encoding = 'UTF8';
SET standard_conforming_strings = on;
SELECT pg_catalog.set_config('search_path', '', false);
SET check_function_bodies = false;
SET xmloption = content;
SET client_min_messages = warning;
SET row_security = off;

--
-- TOC entry 6 (class 2615 OID 2200)
-- Name: public; Type: SCHEMA; Schema: -; Owner: postgres
--

-- *not* creating schema, since initdb creates it


ALTER SCHEMA public OWNER TO postgres;

SET default_tablespace = '';

SET default_table_access_method = heap;

--
-- TOC entry 221 (class 1259 OID 27209)
-- Name: admin_interface_theme; Type: TABLE; Schema: public; Owner: postgres
--

CREATE TABLE public.admin_interface_theme (
    id integer NOT NULL,
    name character varying(50) NOT NULL,
    active boolean NOT NULL,
    title character varying(50) NOT NULL,
    title_visible boolean NOT NULL,
    logo character varying(100) NOT NULL,
    logo_visible boolean NOT NULL,
    css_header_background_color character varying(10) NOT NULL,
    title_color character varying(10) NOT NULL,
    css_header_text_color character varying(10) NOT NULL,
    css_header_link_color character varying(10) NOT NULL,
    css_header_link_hover_color character varying(10) NOT NULL,
    css_module_background_color character varying(10) NOT NULL,
    css_module_text_color character varying(10) NOT NULL,
    css_module_link_color character varying(10) NOT NULL,
    css_module_link_hover_color character varying(10) NOT NULL,
    css_module_rounded_corners boolean NOT NULL,
    css_generic_link_color character varying(10) NOT NULL,
    css_generic_link_hover_color character varying(10) NOT NULL,
    css_save_button_background_color character varying(10) NOT NULL,
    css_save_button_background_hover_color character varying(10) NOT NULL,
    css_save_button_text_color character varying(10) NOT NULL,
    css_delete_button_background_color character varying(10) NOT NULL,
    css_delete_button_background_hover_color character varying(10) NOT NULL,
    css_delete_button_text_color character varying(10) NOT NULL,
    list_filter_dropdown boolean NOT NULL,
    related_modal_active boolean NOT NULL,
    related_modal_background_color character varying(10) NOT NULL,
    related_modal_rounded_corners boolean NOT NULL,
    logo_color character varying(10) NOT NULL,
    recent_actions_visible boolean NOT NULL,
    favicon character varying(100) NOT NULL,
    related_modal_background_opacity character varying(5) NOT NULL,
    env_name character varying(50) NOT NULL,
    env_visible_in_header boolean NOT NULL,
    env_color character varying(10) NOT NULL,
    env_visible_in_favicon boolean NOT NULL,
    related_modal_close_button_visible boolean NOT NULL,
    language_chooser_active boolean NOT NULL,
    language_chooser_display character varying(10) NOT NULL,
    list_filter_sticky boolean NOT NULL,
    form_pagination_sticky boolean NOT NULL,
    form_submit_sticky boolean NOT NULL,
    css_module_background_selected_color character varying(10) NOT NULL,
    css_module_link_selected_color character varying(10) NOT NULL,
    logo_max_height smallint NOT NULL,
    logo_max_width smallint NOT NULL,
    foldable_apps boolean NOT NULL,
    language_chooser_control character varying(20) NOT NULL,
    list_filter_highlight boolean NOT NULL,
    list_filter_removal_links boolean NOT NULL,
    show_fieldsets_as_tabs boolean NOT NULL,
    show_inlines_as_tabs boolean NOT NULL,
    css_generic_link_active_color character varying(10) NOT NULL,
    collapsible_stacked_inlines boolean NOT NULL,
    collapsible_stacked_inlines_collapsed boolean NOT NULL,
    collapsible_tabular_inlines boolean NOT NULL,
    collapsible_tabular_inlines_collapsed boolean NOT NULL,
    CONSTRAINT admin_interface_theme_logo_max_height_check CHECK ((logo_max_height >= 0)),
    CONSTRAINT admin_interface_theme_logo_max_width_check CHECK ((logo_max_width >= 0))
);


ALTER TABLE public.admin_interface_theme OWNER TO postgres;

--
-- TOC entry 220 (class 1259 OID 27207)
-- Name: admin_interface_theme_id_seq; Type: SEQUENCE; Schema: public; Owner: postgres
--

ALTER TABLE public.admin_interface_theme ALTER COLUMN id ADD GENERATED BY DEFAULT AS IDENTITY (
    SEQUENCE NAME public.admin_interface_theme_id_seq
    START WITH 1
    INCREMENT BY 1
    NO MINVALUE
    NO MAXVALUE
    CACHE 1
);


--
-- TOC entry 209 (class 1259 OID 27095)
-- Name: auth_group; Type: TABLE; Schema: public; Owner: postgres
--

CREATE TABLE public.auth_group (
    id integer NOT NULL,
    name character varying(150) NOT NULL
);


ALTER TABLE public.auth_group OWNER TO postgres;

--
-- TOC entry 208 (class 1259 OID 27093)
-- Name: auth_group_id_seq; Type: SEQUENCE; Schema: public; Owner: postgres
--

ALTER TABLE public.auth_group ALTER COLUMN id ADD GENERATED BY DEFAULT AS IDENTITY (
    SEQUENCE NAME public.auth_group_id_seq
    START WITH 1
    INCREMENT BY 1
    NO MINVALUE
    NO MAXVALUE
    CACHE 1
);


--
-- TOC entry 211 (class 1259 OID 27104)
-- Name: auth_group_permissions; Type: TABLE; Schema: public; Owner: postgres
--

CREATE TABLE public.auth_group_permissions (
    id bigint NOT NULL,
    group_id integer NOT NULL,
    permission_id integer NOT NULL
);


ALTER TABLE public.auth_group_permissions OWNER TO postgres;

--
-- TOC entry 210 (class 1259 OID 27102)
-- Name: auth_group_permissions_id_seq; Type: SEQUENCE; Schema: public; Owner: postgres
--

ALTER TABLE public.auth_group_permissions ALTER COLUMN id ADD GENERATED BY DEFAULT AS IDENTITY (
    SEQUENCE NAME public.auth_group_permissions_id_seq
    START WITH 1
    INCREMENT BY 1
    NO MINVALUE
    NO MAXVALUE
    CACHE 1
);


--
-- TOC entry 207 (class 1259 OID 27088)
-- Name: auth_permission; Type: TABLE; Schema: public; Owner: postgres
--

CREATE TABLE public.auth_permission (
    id integer NOT NULL,
    name character varying(255) NOT NULL,
    content_type_id integer NOT NULL,
    codename character varying(100) NOT NULL
);


ALTER TABLE public.auth_permission OWNER TO postgres;

--
-- TOC entry 206 (class 1259 OID 27086)
-- Name: auth_permission_id_seq; Type: SEQUENCE; Schema: public; Owner: postgres
--

ALTER TABLE public.auth_permission ALTER COLUMN id ADD GENERATED BY DEFAULT AS IDENTITY (
    SEQUENCE NAME public.auth_permission_id_seq
    START WITH 1
    INCREMENT BY 1
    NO MINVALUE
    NO MAXVALUE
    CACHE 1
);


--
-- TOC entry 213 (class 1259 OID 27111)
-- Name: auth_user; Type: TABLE; Schema: public; Owner: postgres
--

CREATE TABLE public.auth_user (
    id integer NOT NULL,
    password character varying(128) NOT NULL,
    last_login timestamp with time zone,
    is_superuser boolean NOT NULL,
    username character varying(150) NOT NULL,
    first_name character varying(150) NOT NULL,
    last_name character varying(150) NOT NULL,
    email character varying(254) NOT NULL,
    is_staff boolean NOT NULL,
    is_active boolean NOT NULL,
    date_joined timestamp with time zone NOT NULL
);


ALTER TABLE public.auth_user OWNER TO postgres;

--
-- TOC entry 215 (class 1259 OID 27120)
-- Name: auth_user_groups; Type: TABLE; Schema: public; Owner: postgres
--

CREATE TABLE public.auth_user_groups (
    id bigint NOT NULL,
    user_id integer NOT NULL,
    group_id integer NOT NULL
);


ALTER TABLE public.auth_user_groups OWNER TO postgres;

--
-- TOC entry 214 (class 1259 OID 27118)
-- Name: auth_user_groups_id_seq; Type: SEQUENCE; Schema: public; Owner: postgres
--

ALTER TABLE public.auth_user_groups ALTER COLUMN id ADD GENERATED BY DEFAULT AS IDENTITY (
    SEQUENCE NAME public.auth_user_groups_id_seq
    START WITH 1
    INCREMENT BY 1
    NO MINVALUE
    NO MAXVALUE
    CACHE 1
);


--
-- TOC entry 212 (class 1259 OID 27109)
-- Name: auth_user_id_seq; Type: SEQUENCE; Schema: public; Owner: postgres
--

ALTER TABLE public.auth_user ALTER COLUMN id ADD GENERATED BY DEFAULT AS IDENTITY (
    SEQUENCE NAME public.auth_user_id_seq
    START WITH 1
    INCREMENT BY 1
    NO MINVALUE
    NO MAXVALUE
    CACHE 1
);


--
-- TOC entry 217 (class 1259 OID 27127)
-- Name: auth_user_user_permissions; Type: TABLE; Schema: public; Owner: postgres
--

CREATE TABLE public.auth_user_user_permissions (
    id bigint NOT NULL,
    user_id integer NOT NULL,
    permission_id integer NOT NULL
);


ALTER TABLE public.auth_user_user_permissions OWNER TO postgres;

--
-- TOC entry 216 (class 1259 OID 27125)
-- Name: auth_user_user_permissions_id_seq; Type: SEQUENCE; Schema: public; Owner: postgres
--

ALTER TABLE public.auth_user_user_permissions ALTER COLUMN id ADD GENERATED BY DEFAULT AS IDENTITY (
    SEQUENCE NAME public.auth_user_user_permissions_id_seq
    START WITH 1
    INCREMENT BY 1
    NO MINVALUE
    NO MAXVALUE
    CACHE 1
);


--
-- TOC entry 219 (class 1259 OID 27186)
-- Name: django_admin_log; Type: TABLE; Schema: public; Owner: postgres
--

CREATE TABLE public.django_admin_log (
    id integer NOT NULL,
    action_time timestamp with time zone NOT NULL,
    object_id text,
    object_repr character varying(200) NOT NULL,
    action_flag smallint NOT NULL,
    change_message text NOT NULL,
    content_type_id integer,
    user_id integer NOT NULL,
    CONSTRAINT django_admin_log_action_flag_check CHECK ((action_flag >= 0))
);


ALTER TABLE public.django_admin_log OWNER TO postgres;

--
-- TOC entry 218 (class 1259 OID 27184)
-- Name: django_admin_log_id_seq; Type: SEQUENCE; Schema: public; Owner: postgres
--

ALTER TABLE public.django_admin_log ALTER COLUMN id ADD GENERATED BY DEFAULT AS IDENTITY (
    SEQUENCE NAME public.django_admin_log_id_seq
    START WITH 1
    INCREMENT BY 1
    NO MINVALUE
    NO MAXVALUE
    CACHE 1
);


--
-- TOC entry 205 (class 1259 OID 27079)
-- Name: django_content_type; Type: TABLE; Schema: public; Owner: postgres
--

CREATE TABLE public.django_content_type (
    id integer NOT NULL,
    app_label character varying(100) NOT NULL,
    model character varying(100) NOT NULL
);


ALTER TABLE public.django_content_type OWNER TO postgres;

--
-- TOC entry 204 (class 1259 OID 27077)
-- Name: django_content_type_id_seq; Type: SEQUENCE; Schema: public; Owner: postgres
--

ALTER TABLE public.django_content_type ALTER COLUMN id ADD GENERATED BY DEFAULT AS IDENTITY (
    SEQUENCE NAME public.django_content_type_id_seq
    START WITH 1
    INCREMENT BY 1
    NO MINVALUE
    NO MAXVALUE
    CACHE 1
);


--
-- TOC entry 203 (class 1259 OID 27069)
-- Name: django_migrations; Type: TABLE; Schema: public; Owner: postgres
--

CREATE TABLE public.django_migrations (
    id bigint NOT NULL,
    app character varying(255) NOT NULL,
    name character varying(255) NOT NULL,
    applied timestamp with time zone NOT NULL
);


ALTER TABLE public.django_migrations OWNER TO postgres;

--
-- TOC entry 202 (class 1259 OID 27067)
-- Name: django_migrations_id_seq; Type: SEQUENCE; Schema: public; Owner: postgres
--

ALTER TABLE public.django_migrations ALTER COLUMN id ADD GENERATED BY DEFAULT AS IDENTITY (
    SEQUENCE NAME public.django_migrations_id_seq
    START WITH 1
    INCREMENT BY 1
    NO MINVALUE
    NO MAXVALUE
    CACHE 1
);


--
-- TOC entry 222 (class 1259 OID 27264)
-- Name: django_session; Type: TABLE; Schema: public; Owner: postgres
--

CREATE TABLE public.django_session (
    session_key character varying(40) NOT NULL,
    session_data text NOT NULL,
    expire_date timestamp with time zone NOT NULL
);


ALTER TABLE public.django_session OWNER TO postgres;

--
-- TOC entry 228 (class 1259 OID 27291)
-- Name: laboratorio_directorgeneral; Type: TABLE; Schema: public; Owner: postgres
--

CREATE TABLE public.laboratorio_directorgeneral (
    id bigint NOT NULL,
    nombre character varying(250) NOT NULL,
    laboratorio_id bigint NOT NULL,
    especialidad character varying(250) NOT NULL
);


ALTER TABLE public.laboratorio_directorgeneral OWNER TO postgres;

--
-- TOC entry 227 (class 1259 OID 27289)
-- Name: laboratorio_directorgeneral_id_seq; Type: SEQUENCE; Schema: public; Owner: postgres
--

ALTER TABLE public.laboratorio_directorgeneral ALTER COLUMN id ADD GENERATED BY DEFAULT AS IDENTITY (
    SEQUENCE NAME public.laboratorio_directorgeneral_id_seq
    START WITH 1
    INCREMENT BY 1
    NO MINVALUE
    NO MAXVALUE
    CACHE 1
);


--
-- TOC entry 224 (class 1259 OID 27277)
-- Name: laboratorio_laboratorio; Type: TABLE; Schema: public; Owner: postgres
--

CREATE TABLE public.laboratorio_laboratorio (
    id bigint NOT NULL,
    nombre character varying(200) NOT NULL,
    ciudad character varying(250) NOT NULL,
    pais character varying(200) NOT NULL
);


ALTER TABLE public.laboratorio_laboratorio OWNER TO postgres;

--
-- TOC entry 223 (class 1259 OID 27275)
-- Name: laboratorio_laboratorio_id_seq; Type: SEQUENCE; Schema: public; Owner: postgres
--

ALTER TABLE public.laboratorio_laboratorio ALTER COLUMN id ADD GENERATED BY DEFAULT AS IDENTITY (
    SEQUENCE NAME public.laboratorio_laboratorio_id_seq
    START WITH 1
    INCREMENT BY 1
    NO MINVALUE
    NO MAXVALUE
    CACHE 1
);


--
-- TOC entry 226 (class 1259 OID 27284)
-- Name: laboratorio_producto; Type: TABLE; Schema: public; Owner: postgres
--

CREATE TABLE public.laboratorio_producto (
    id bigint NOT NULL,
    nombre character varying(250) NOT NULL,
    f_fabricacion integer NOT NULL,
    p_costo numeric(10,2) NOT NULL,
    p_venta numeric(10,2) NOT NULL,
    laboratorio_id bigint
);


ALTER TABLE public.laboratorio_producto OWNER TO postgres;

--
-- TOC entry 225 (class 1259 OID 27282)
-- Name: laboratorio_producto_id_seq; Type: SEQUENCE; Schema: public; Owner: postgres
--

ALTER TABLE public.laboratorio_producto ALTER COLUMN id ADD GENERATED BY DEFAULT AS IDENTITY (
    SEQUENCE NAME public.laboratorio_producto_id_seq
    START WITH 1
    INCREMENT BY 1
    NO MINVALUE
    NO MAXVALUE
    CACHE 1
);


--
-- TOC entry 2990 (class 0 OID 27209)
-- Dependencies: 221
-- Data for Name: admin_interface_theme; Type: TABLE DATA; Schema: public; Owner: postgres
--

COPY public.admin_interface_theme (id, name, active, title, title_visible, logo, logo_visible, css_header_background_color, title_color, css_header_text_color, css_header_link_color, css_header_link_hover_color, css_module_background_color, css_module_text_color, css_module_link_color, css_module_link_hover_color, css_module_rounded_corners, css_generic_link_color, css_generic_link_hover_color, css_save_button_background_color, css_save_button_background_hover_color, css_save_button_text_color, css_delete_button_background_color, css_delete_button_background_hover_color, css_delete_button_text_color, list_filter_dropdown, related_modal_active, related_modal_background_color, related_modal_rounded_corners, logo_color, recent_actions_visible, favicon, related_modal_background_opacity, env_name, env_visible_in_header, env_color, env_visible_in_favicon, related_modal_close_button_visible, language_chooser_active, language_chooser_display, list_filter_sticky, form_pagination_sticky, form_submit_sticky, css_module_background_selected_color, css_module_link_selected_color, logo_max_height, logo_max_width, foldable_apps, language_chooser_control, list_filter_highlight, list_filter_removal_links, show_fieldsets_as_tabs, show_inlines_as_tabs, css_generic_link_active_color, collapsible_stacked_inlines, collapsible_stacked_inlines_collapsed, collapsible_tabular_inlines, collapsible_tabular_inlines_collapsed) FROM stdin;
1	Django	t	Administración de FARMACEUTICA.COM	t		t	#3E6A85	#FFEB99	#E9915F	#E3FDF0	#C9F0DD	#A8E1DF	#000706	#000706	#C9F0DD	t	#0C3C26	#156641	#74BEC1	#A2E8D7	#FFFFFF	#BA2121	#A41515	#FFFFFF	t	t	#000000	t	#E9915F	t		0.3		t	#E74C3C	t	t	t	code	t	f	f	#E3FDF0	#000706	100	400	t	default-select	t	f	f	f	#29B864	f	t	f	t
\.


--
-- TOC entry 2978 (class 0 OID 27095)
-- Dependencies: 209
-- Data for Name: auth_group; Type: TABLE DATA; Schema: public; Owner: postgres
--

COPY public.auth_group (id, name) FROM stdin;
\.


--
-- TOC entry 2980 (class 0 OID 27104)
-- Dependencies: 211
-- Data for Name: auth_group_permissions; Type: TABLE DATA; Schema: public; Owner: postgres
--

COPY public.auth_group_permissions (id, group_id, permission_id) FROM stdin;
\.


--
-- TOC entry 2976 (class 0 OID 27088)
-- Dependencies: 207
-- Data for Name: auth_permission; Type: TABLE DATA; Schema: public; Owner: postgres
--

COPY public.auth_permission (id, name, content_type_id, codename) FROM stdin;
1	Can add Theme	1	add_theme
2	Can change Theme	1	change_theme
3	Can delete Theme	1	delete_theme
4	Can view Theme	1	view_theme
5	Can add log entry	2	add_logentry
6	Can change log entry	2	change_logentry
7	Can delete log entry	2	delete_logentry
8	Can view log entry	2	view_logentry
9	Can add permission	3	add_permission
10	Can change permission	3	change_permission
11	Can delete permission	3	delete_permission
12	Can view permission	3	view_permission
13	Can add group	4	add_group
14	Can change group	4	change_group
15	Can delete group	4	delete_group
16	Can view group	4	view_group
17	Can add user	5	add_user
18	Can change user	5	change_user
19	Can delete user	5	delete_user
20	Can view user	5	view_user
21	Can add content type	6	add_contenttype
22	Can change content type	6	change_contenttype
23	Can delete content type	6	delete_contenttype
24	Can view content type	6	view_contenttype
25	Can add session	7	add_session
26	Can change session	7	change_session
27	Can delete session	7	delete_session
28	Can view session	7	view_session
29	Can add producto	8	add_producto
30	Can change producto	8	change_producto
31	Can delete producto	8	delete_producto
32	Can view producto	8	view_producto
33	Can add laboratorio	9	add_laboratorio
34	Can change laboratorio	9	change_laboratorio
35	Can delete laboratorio	9	delete_laboratorio
36	Can view laboratorio	9	view_laboratorio
37	Can add director general	10	add_directorgeneral
38	Can change director general	10	change_directorgeneral
39	Can delete director general	10	delete_directorgeneral
40	Can view director general	10	view_directorgeneral
\.


--
-- TOC entry 2982 (class 0 OID 27111)
-- Dependencies: 213
-- Data for Name: auth_user; Type: TABLE DATA; Schema: public; Owner: postgres
--

COPY public.auth_user (id, password, last_login, is_superuser, username, first_name, last_name, email, is_staff, is_active, date_joined) FROM stdin;
1	pbkdf2_sha256$390000$s5Y28fSwuUfV1Vlom9Wh08$TFurUNfkzntLP7l2uUtBIWv7IPA0wxmWRAHKrbDH4AE=	2023-07-25 18:55:28.30225-04	t	admin			admin@farmaceutica.com	t	t	2023-07-23 23:58:10.061505-04
\.


--
-- TOC entry 2984 (class 0 OID 27120)
-- Dependencies: 215
-- Data for Name: auth_user_groups; Type: TABLE DATA; Schema: public; Owner: postgres
--

COPY public.auth_user_groups (id, user_id, group_id) FROM stdin;
\.


--
-- TOC entry 2986 (class 0 OID 27127)
-- Dependencies: 217
-- Data for Name: auth_user_user_permissions; Type: TABLE DATA; Schema: public; Owner: postgres
--

COPY public.auth_user_user_permissions (id, user_id, permission_id) FROM stdin;
\.


--
-- TOC entry 2988 (class 0 OID 27186)
-- Dependencies: 219
-- Data for Name: django_admin_log; Type: TABLE DATA; Schema: public; Owner: postgres
--

COPY public.django_admin_log (id, action_time, object_id, object_repr, action_flag, change_message, content_type_id, user_id) FROM stdin;
1	2023-07-24 00:23:13.397069-04	1	Laboratorio 1	1	[{"added": {}}]	9	1
2	2023-07-24 00:23:24.922359-04	2	Laboratorio 2	1	[{"added": {}}]	9	1
3	2023-07-24 00:23:36.515753-04	3	Laboratorio 3	1	[{"added": {}}]	9	1
4	2023-07-24 00:23:56.767444-04	1	Director General 1	1	[{"added": {}}]	10	1
5	2023-07-24 00:24:12.017339-04	2	Director General 2	1	[{"added": {}}]	10	1
6	2023-07-24 00:24:30.002476-04	3	Director General 3	1	[{"added": {}}]	10	1
7	2023-07-24 00:27:02.088005-04	1	Producto 1	1	[{"added": {}}]	8	1
8	2023-07-24 00:28:05.07446-04	2	Producto 2	1	[{"added": {}}]	8	1
9	2023-07-24 00:28:54.384153-04	3	Producto 3	1	[{"added": {}}]	8	1
10	2023-07-24 01:17:23.481766-04	1	Laboratorio 1	2	[{"changed": {"fields": ["Pais", "Ciudad"]}}]	9	1
11	2023-07-24 01:17:41.355779-04	2	Laboratorio 2	2	[{"changed": {"fields": ["Pais", "Ciudad"]}}]	9	1
12	2023-07-24 01:18:01.224359-04	1	Laboratorio 1	2	[{"changed": {"fields": ["Pais", "Ciudad"]}}]	9	1
13	2023-07-24 01:18:18.584217-04	3	Laboratorio 3	2	[{"changed": {"fields": ["Pais", "Ciudad"]}}]	9	1
14	2023-07-24 01:55:28.982853-04	1	Django	2	[{"changed": {"fields": ["Title"]}}]	1	1
15	2023-07-25 20:08:34.979776-04	1	Django	2	[{"changed": {"fields": ["Background color", "Background color"]}}]	1	1
16	2023-07-25 20:09:56.600569-04	1	Django	2	[{"changed": {"fields": ["Background color"]}}]	1	1
17	2023-07-25 20:10:51.243749-04	1	Django	2	[{"changed": {"fields": ["Background color"]}}]	1	1
18	2023-07-25 20:11:59.340496-04	1	Django	2	[{"changed": {"fields": ["Background color"]}}]	1	1
19	2023-07-25 20:13:50.716103-04	1	Django	2	[{"changed": {"fields": ["Background color", "Background color"]}}]	1	1
20	2023-07-25 20:14:50.87613-04	1	Django	2	[{"changed": {"fields": ["Color"]}}]	1	1
21	2023-07-25 20:16:04.251837-04	1	Django	2	[{"changed": {"fields": ["Color"]}}]	1	1
22	2023-07-25 20:19:05.41694-04	1	Django	2	[{"changed": {"fields": ["Link color", "Text color", "Link color", "Background color"]}}]	1	1
23	2023-07-25 20:19:56.706264-04	1	Django	2	[{"changed": {"fields": ["Link color", "Link selected color"]}}]	1	1
24	2023-07-25 20:20:44.687618-04	1	Django	2	[{"changed": {"fields": ["Link color"]}}]	1	1
25	2023-07-25 20:22:22.757769-04	1	Django	2	[{"changed": {"fields": ["Text color"]}}]	1	1
26	2023-07-25 20:23:11.624376-04	1	Django	2	[{"changed": {"fields": ["Text color", "Link color"]}}]	1	1
27	2023-07-25 20:24:25.251331-04	1	Django	2	[{"changed": {"fields": ["Link color"]}}]	1	1
28	2023-07-25 20:25:04.966762-04	1	Django	2	[{"changed": {"fields": ["Text color", "Link selected color"]}}]	1	1
29	2023-07-25 20:25:40.971913-04	1	Django	2	[{"changed": {"fields": ["Link color"]}}]	1	1
30	2023-07-25 20:27:09.507136-04	1	Django	2	[{"changed": {"fields": ["Color", "Color"]}}]	1	1
31	2023-07-25 20:30:16.270102-04	1	Django	2	[{"changed": {"fields": ["Link color", "Background selected color"]}}]	1	1
32	2023-07-25 20:32:48.292184-04	1	Django	2	[{"changed": {"fields": ["Text color", "Background selected color", "Background hover color"]}}]	1	1
\.


--
-- TOC entry 2974 (class 0 OID 27079)
-- Dependencies: 205
-- Data for Name: django_content_type; Type: TABLE DATA; Schema: public; Owner: postgres
--

COPY public.django_content_type (id, app_label, model) FROM stdin;
1	admin_interface	theme
2	admin	logentry
3	auth	permission
4	auth	group
5	auth	user
6	contenttypes	contenttype
7	sessions	session
8	laboratorio	producto
9	laboratorio	laboratorio
10	laboratorio	directorgeneral
\.


--
-- TOC entry 2972 (class 0 OID 27069)
-- Dependencies: 203
-- Data for Name: django_migrations; Type: TABLE DATA; Schema: public; Owner: postgres
--

COPY public.django_migrations (id, app, name, applied) FROM stdin;
1	contenttypes	0001_initial	2023-07-23 23:57:10.776871-04
2	auth	0001_initial	2023-07-23 23:57:10.93327-04
3	admin	0001_initial	2023-07-23 23:57:10.991409-04
4	admin	0002_logentry_remove_auto_add	2023-07-23 23:57:11.000412-04
5	admin	0003_logentry_add_action_flag_choices	2023-07-23 23:57:11.0118-04
6	admin_interface	0001_initial	2023-07-23 23:57:11.031749-04
7	admin_interface	0002_add_related_modal	2023-07-23 23:57:11.078627-04
8	admin_interface	0003_add_logo_color	2023-07-23 23:57:11.086966-04
9	admin_interface	0004_rename_title_color	2023-07-23 23:57:11.09591-04
10	admin_interface	0005_add_recent_actions_visible	2023-07-23 23:57:11.104888-04
11	admin_interface	0006_bytes_to_str	2023-07-23 23:57:11.175696-04
12	admin_interface	0007_add_favicon	2023-07-23 23:57:11.181362-04
13	admin_interface	0008_change_related_modal_background_opacity_type	2023-07-23 23:57:11.193332-04
14	admin_interface	0009_add_enviroment	2023-07-23 23:57:11.204301-04
15	admin_interface	0010_add_localization	2023-07-23 23:57:11.22325-04
16	admin_interface	0011_add_environment_options	2023-07-23 23:57:11.249192-04
17	admin_interface	0012_update_verbose_names	2023-07-23 23:57:11.261212-04
18	admin_interface	0013_add_related_modal_close_button	2023-07-23 23:57:11.265896-04
19	admin_interface	0014_name_unique	2023-07-23 23:57:11.283056-04
20	admin_interface	0015_add_language_chooser_active	2023-07-23 23:57:11.294699-04
21	admin_interface	0016_add_language_chooser_display	2023-07-23 23:57:11.299733-04
22	admin_interface	0017_change_list_filter_dropdown	2023-07-23 23:57:11.311384-04
23	admin_interface	0018_theme_list_filter_sticky	2023-07-23 23:57:11.318397-04
24	admin_interface	0019_add_form_sticky	2023-07-23 23:57:11.330507-04
25	admin_interface	0020_module_selected_colors	2023-07-23 23:57:11.352939-04
26	admin_interface	0021_file_extension_validator	2023-07-23 23:57:11.363908-04
27	admin_interface	0022_add_logo_max_width_and_height	2023-07-23 23:57:11.379553-04
28	admin_interface	0023_theme_foldable_apps	2023-07-23 23:57:11.385963-04
29	admin_interface	0024_remove_theme_css	2023-07-23 23:57:11.393942-04
30	admin_interface	0025_theme_language_chooser_control	2023-07-23 23:57:11.399972-04
31	admin_interface	0026_theme_list_filter_highlight	2023-07-23 23:57:11.410076-04
32	admin_interface	0027_theme_list_filter_removal_links	2023-07-23 23:57:11.417056-04
33	admin_interface	0028_theme_show_fieldsets_as_tabs_and_more	2023-07-23 23:57:11.432017-04
34	admin_interface	0029_theme_css_generic_link_active_color	2023-07-23 23:57:11.437904-04
35	admin_interface	0030_theme_collapsible_stacked_inlines_and_more	2023-07-23 23:57:11.459845-04
36	contenttypes	0002_remove_content_type_name	2023-07-23 23:57:11.483781-04
37	auth	0002_alter_permission_name_max_length	2023-07-23 23:57:11.494525-04
38	auth	0003_alter_user_email_max_length	2023-07-23 23:57:11.501625-04
39	auth	0004_alter_user_username_opts	2023-07-23 23:57:11.513277-04
40	auth	0005_alter_user_last_login_null	2023-07-23 23:57:11.521022-04
41	auth	0006_require_contenttypes_0002	2023-07-23 23:57:11.525011-04
42	auth	0007_alter_validators_add_error_messages	2023-07-23 23:57:11.535981-04
43	auth	0008_alter_user_username_max_length	2023-07-23 23:57:11.558321-04
44	auth	0009_alter_user_last_name_max_length	2023-07-23 23:57:11.567297-04
45	auth	0010_alter_group_name_max_length	2023-07-23 23:57:11.580262-04
46	auth	0011_update_proxy_permissions	2023-07-23 23:57:11.593622-04
47	auth	0012_alter_user_first_name_max_length	2023-07-23 23:57:11.598644-04
48	sessions	0001_initial	2023-07-23 23:57:11.626939-04
49	laboratorio	0001_initial	2023-07-24 00:20:02.984318-04
50	laboratorio	0002_actualizado_campos	2023-07-24 01:15:50.840358-04
\.


--
-- TOC entry 2991 (class 0 OID 27264)
-- Dependencies: 222
-- Data for Name: django_session; Type: TABLE DATA; Schema: public; Owner: postgres
--

COPY public.django_session (session_key, session_data, expire_date) FROM stdin;
jv76xj3iveslbsifu6nfvkrqxnh96gig	eyJudW1fdmlzaXRhcyI6Nn0:1qOQSR:pKxqBZ1s__c0qNW2QNcL76FP3Tsnr9uRzATlsKI1IhM	2023-08-08 18:24:43.645486-04
\.


--
-- TOC entry 2997 (class 0 OID 27291)
-- Dependencies: 228
-- Data for Name: laboratorio_directorgeneral; Type: TABLE DATA; Schema: public; Owner: postgres
--

COPY public.laboratorio_directorgeneral (id, nombre, laboratorio_id, especialidad) FROM stdin;
1	Director General 1	1	
2	Director General 2	2	
3	Director General 3	3	
\.


--
-- TOC entry 2993 (class 0 OID 27277)
-- Dependencies: 224
-- Data for Name: laboratorio_laboratorio; Type: TABLE DATA; Schema: public; Owner: postgres
--

COPY public.laboratorio_laboratorio (id, nombre, ciudad, pais) FROM stdin;
2	Laboratorio 2	Ciudad 2	País 2
3	Laboratorio 3	Ciudad 3	País 3
1	Laboratorio 1	Ciudad 2	País 1
7	Laboratorio 4	Ciudad 4	País 4
8	Laboratorio 5	Ciudad 5	País 5
\.


--
-- TOC entry 2995 (class 0 OID 27284)
-- Dependencies: 226
-- Data for Name: laboratorio_producto; Type: TABLE DATA; Schema: public; Owner: postgres
--

COPY public.laboratorio_producto (id, nombre, f_fabricacion, p_costo, p_venta, laboratorio_id) FROM stdin;
1	Producto 1	2022	1500.00	2000.00	1
2	Producto 2	2021	2500.00	3000.00	2
3	Producto 3	2019	3500.00	4500.00	3
\.


--
-- TOC entry 3004 (class 0 OID 0)
-- Dependencies: 220
-- Name: admin_interface_theme_id_seq; Type: SEQUENCE SET; Schema: public; Owner: postgres
--

SELECT pg_catalog.setval('public.admin_interface_theme_id_seq', 1, true);


--
-- TOC entry 3005 (class 0 OID 0)
-- Dependencies: 208
-- Name: auth_group_id_seq; Type: SEQUENCE SET; Schema: public; Owner: postgres
--

SELECT pg_catalog.setval('public.auth_group_id_seq', 1, false);


--
-- TOC entry 3006 (class 0 OID 0)
-- Dependencies: 210
-- Name: auth_group_permissions_id_seq; Type: SEQUENCE SET; Schema: public; Owner: postgres
--

SELECT pg_catalog.setval('public.auth_group_permissions_id_seq', 1, false);


--
-- TOC entry 3007 (class 0 OID 0)
-- Dependencies: 206
-- Name: auth_permission_id_seq; Type: SEQUENCE SET; Schema: public; Owner: postgres
--

SELECT pg_catalog.setval('public.auth_permission_id_seq', 40, true);


--
-- TOC entry 3008 (class 0 OID 0)
-- Dependencies: 214
-- Name: auth_user_groups_id_seq; Type: SEQUENCE SET; Schema: public; Owner: postgres
--

SELECT pg_catalog.setval('public.auth_user_groups_id_seq', 1, false);


--
-- TOC entry 3009 (class 0 OID 0)
-- Dependencies: 212
-- Name: auth_user_id_seq; Type: SEQUENCE SET; Schema: public; Owner: postgres
--

SELECT pg_catalog.setval('public.auth_user_id_seq', 1, true);


--
-- TOC entry 3010 (class 0 OID 0)
-- Dependencies: 216
-- Name: auth_user_user_permissions_id_seq; Type: SEQUENCE SET; Schema: public; Owner: postgres
--

SELECT pg_catalog.setval('public.auth_user_user_permissions_id_seq', 1, false);


--
-- TOC entry 3011 (class 0 OID 0)
-- Dependencies: 218
-- Name: django_admin_log_id_seq; Type: SEQUENCE SET; Schema: public; Owner: postgres
--

SELECT pg_catalog.setval('public.django_admin_log_id_seq', 32, true);


--
-- TOC entry 3012 (class 0 OID 0)
-- Dependencies: 204
-- Name: django_content_type_id_seq; Type: SEQUENCE SET; Schema: public; Owner: postgres
--

SELECT pg_catalog.setval('public.django_content_type_id_seq', 10, true);


--
-- TOC entry 3013 (class 0 OID 0)
-- Dependencies: 202
-- Name: django_migrations_id_seq; Type: SEQUENCE SET; Schema: public; Owner: postgres
--

SELECT pg_catalog.setval('public.django_migrations_id_seq', 50, true);


--
-- TOC entry 3014 (class 0 OID 0)
-- Dependencies: 227
-- Name: laboratorio_directorgeneral_id_seq; Type: SEQUENCE SET; Schema: public; Owner: postgres
--

SELECT pg_catalog.setval('public.laboratorio_directorgeneral_id_seq', 3, true);


--
-- TOC entry 3015 (class 0 OID 0)
-- Dependencies: 223
-- Name: laboratorio_laboratorio_id_seq; Type: SEQUENCE SET; Schema: public; Owner: postgres
--

SELECT pg_catalog.setval('public.laboratorio_laboratorio_id_seq', 9, true);


--
-- TOC entry 3016 (class 0 OID 0)
-- Dependencies: 225
-- Name: laboratorio_producto_id_seq; Type: SEQUENCE SET; Schema: public; Owner: postgres
--

SELECT pg_catalog.setval('public.laboratorio_producto_id_seq', 3, true);


--
-- TOC entry 2818 (class 2606 OID 27231)
-- Name: admin_interface_theme admin_interface_theme_name_30bda70f_uniq; Type: CONSTRAINT; Schema: public; Owner: postgres
--

ALTER TABLE ONLY public.admin_interface_theme
    ADD CONSTRAINT admin_interface_theme_name_30bda70f_uniq UNIQUE (name);


--
-- TOC entry 2820 (class 2606 OID 27216)
-- Name: admin_interface_theme admin_interface_theme_pkey; Type: CONSTRAINT; Schema: public; Owner: postgres
--

ALTER TABLE ONLY public.admin_interface_theme
    ADD CONSTRAINT admin_interface_theme_pkey PRIMARY KEY (id);


--
-- TOC entry 2786 (class 2606 OID 27262)
-- Name: auth_group auth_group_name_key; Type: CONSTRAINT; Schema: public; Owner: postgres
--

ALTER TABLE ONLY public.auth_group
    ADD CONSTRAINT auth_group_name_key UNIQUE (name);


--
-- TOC entry 2791 (class 2606 OID 27142)
-- Name: auth_group_permissions auth_group_permissions_group_id_permission_id_0cd325b0_uniq; Type: CONSTRAINT; Schema: public; Owner: postgres
--

ALTER TABLE ONLY public.auth_group_permissions
    ADD CONSTRAINT auth_group_permissions_group_id_permission_id_0cd325b0_uniq UNIQUE (group_id, permission_id);


--
-- TOC entry 2794 (class 2606 OID 27108)
-- Name: auth_group_permissions auth_group_permissions_pkey; Type: CONSTRAINT; Schema: public; Owner: postgres
--

ALTER TABLE ONLY public.auth_group_permissions
    ADD CONSTRAINT auth_group_permissions_pkey PRIMARY KEY (id);


--
-- TOC entry 2788 (class 2606 OID 27099)
-- Name: auth_group auth_group_pkey; Type: CONSTRAINT; Schema: public; Owner: postgres
--

ALTER TABLE ONLY public.auth_group
    ADD CONSTRAINT auth_group_pkey PRIMARY KEY (id);


--
-- TOC entry 2781 (class 2606 OID 27133)
-- Name: auth_permission auth_permission_content_type_id_codename_01ab375a_uniq; Type: CONSTRAINT; Schema: public; Owner: postgres
--

ALTER TABLE ONLY public.auth_permission
    ADD CONSTRAINT auth_permission_content_type_id_codename_01ab375a_uniq UNIQUE (content_type_id, codename);


--
-- TOC entry 2783 (class 2606 OID 27092)
-- Name: auth_permission auth_permission_pkey; Type: CONSTRAINT; Schema: public; Owner: postgres
--

ALTER TABLE ONLY public.auth_permission
    ADD CONSTRAINT auth_permission_pkey PRIMARY KEY (id);


--
-- TOC entry 2802 (class 2606 OID 27124)
-- Name: auth_user_groups auth_user_groups_pkey; Type: CONSTRAINT; Schema: public; Owner: postgres
--

ALTER TABLE ONLY public.auth_user_groups
    ADD CONSTRAINT auth_user_groups_pkey PRIMARY KEY (id);


--
-- TOC entry 2805 (class 2606 OID 27157)
-- Name: auth_user_groups auth_user_groups_user_id_group_id_94350c0c_uniq; Type: CONSTRAINT; Schema: public; Owner: postgres
--

ALTER TABLE ONLY public.auth_user_groups
    ADD CONSTRAINT auth_user_groups_user_id_group_id_94350c0c_uniq UNIQUE (user_id, group_id);


--
-- TOC entry 2796 (class 2606 OID 27115)
-- Name: auth_user auth_user_pkey; Type: CONSTRAINT; Schema: public; Owner: postgres
--

ALTER TABLE ONLY public.auth_user
    ADD CONSTRAINT auth_user_pkey PRIMARY KEY (id);


--
-- TOC entry 2808 (class 2606 OID 27131)
-- Name: auth_user_user_permissions auth_user_user_permissions_pkey; Type: CONSTRAINT; Schema: public; Owner: postgres
--

ALTER TABLE ONLY public.auth_user_user_permissions
    ADD CONSTRAINT auth_user_user_permissions_pkey PRIMARY KEY (id);


--
-- TOC entry 2811 (class 2606 OID 27171)
-- Name: auth_user_user_permissions auth_user_user_permissions_user_id_permission_id_14a6b632_uniq; Type: CONSTRAINT; Schema: public; Owner: postgres
--

ALTER TABLE ONLY public.auth_user_user_permissions
    ADD CONSTRAINT auth_user_user_permissions_user_id_permission_id_14a6b632_uniq UNIQUE (user_id, permission_id);


--
-- TOC entry 2799 (class 2606 OID 27256)
-- Name: auth_user auth_user_username_key; Type: CONSTRAINT; Schema: public; Owner: postgres
--

ALTER TABLE ONLY public.auth_user
    ADD CONSTRAINT auth_user_username_key UNIQUE (username);


--
-- TOC entry 2814 (class 2606 OID 27194)
-- Name: django_admin_log django_admin_log_pkey; Type: CONSTRAINT; Schema: public; Owner: postgres
--

ALTER TABLE ONLY public.django_admin_log
    ADD CONSTRAINT django_admin_log_pkey PRIMARY KEY (id);


--
-- TOC entry 2776 (class 2606 OID 27085)
-- Name: django_content_type django_content_type_app_label_model_76bd3d3b_uniq; Type: CONSTRAINT; Schema: public; Owner: postgres
--

ALTER TABLE ONLY public.django_content_type
    ADD CONSTRAINT django_content_type_app_label_model_76bd3d3b_uniq UNIQUE (app_label, model);


--
-- TOC entry 2778 (class 2606 OID 27083)
-- Name: django_content_type django_content_type_pkey; Type: CONSTRAINT; Schema: public; Owner: postgres
--

ALTER TABLE ONLY public.django_content_type
    ADD CONSTRAINT django_content_type_pkey PRIMARY KEY (id);


--
-- TOC entry 2774 (class 2606 OID 27076)
-- Name: django_migrations django_migrations_pkey; Type: CONSTRAINT; Schema: public; Owner: postgres
--

ALTER TABLE ONLY public.django_migrations
    ADD CONSTRAINT django_migrations_pkey PRIMARY KEY (id);


--
-- TOC entry 2823 (class 2606 OID 27271)
-- Name: django_session django_session_pkey; Type: CONSTRAINT; Schema: public; Owner: postgres
--

ALTER TABLE ONLY public.django_session
    ADD CONSTRAINT django_session_pkey PRIMARY KEY (session_key);


--
-- TOC entry 2831 (class 2606 OID 27297)
-- Name: laboratorio_directorgeneral laboratorio_directorgeneral_laboratorio_id_key; Type: CONSTRAINT; Schema: public; Owner: postgres
--

ALTER TABLE ONLY public.laboratorio_directorgeneral
    ADD CONSTRAINT laboratorio_directorgeneral_laboratorio_id_key UNIQUE (laboratorio_id);


--
-- TOC entry 2833 (class 2606 OID 27295)
-- Name: laboratorio_directorgeneral laboratorio_directorgeneral_pkey; Type: CONSTRAINT; Schema: public; Owner: postgres
--

ALTER TABLE ONLY public.laboratorio_directorgeneral
    ADD CONSTRAINT laboratorio_directorgeneral_pkey PRIMARY KEY (id);


--
-- TOC entry 2826 (class 2606 OID 27281)
-- Name: laboratorio_laboratorio laboratorio_laboratorio_pkey; Type: CONSTRAINT; Schema: public; Owner: postgres
--

ALTER TABLE ONLY public.laboratorio_laboratorio
    ADD CONSTRAINT laboratorio_laboratorio_pkey PRIMARY KEY (id);


--
-- TOC entry 2829 (class 2606 OID 27288)
-- Name: laboratorio_producto laboratorio_producto_pkey; Type: CONSTRAINT; Schema: public; Owner: postgres
--

ALTER TABLE ONLY public.laboratorio_producto
    ADD CONSTRAINT laboratorio_producto_pkey PRIMARY KEY (id);


--
-- TOC entry 2816 (class 1259 OID 27232)
-- Name: admin_interface_theme_name_30bda70f_like; Type: INDEX; Schema: public; Owner: postgres
--

CREATE INDEX admin_interface_theme_name_30bda70f_like ON public.admin_interface_theme USING btree (name varchar_pattern_ops);


--
-- TOC entry 2784 (class 1259 OID 27263)
-- Name: auth_group_name_a6ea08ec_like; Type: INDEX; Schema: public; Owner: postgres
--

CREATE INDEX auth_group_name_a6ea08ec_like ON public.auth_group USING btree (name varchar_pattern_ops);


--
-- TOC entry 2789 (class 1259 OID 27153)
-- Name: auth_group_permissions_group_id_b120cbf9; Type: INDEX; Schema: public; Owner: postgres
--

CREATE INDEX auth_group_permissions_group_id_b120cbf9 ON public.auth_group_permissions USING btree (group_id);


--
-- TOC entry 2792 (class 1259 OID 27154)
-- Name: auth_group_permissions_permission_id_84c5c92e; Type: INDEX; Schema: public; Owner: postgres
--

CREATE INDEX auth_group_permissions_permission_id_84c5c92e ON public.auth_group_permissions USING btree (permission_id);


--
-- TOC entry 2779 (class 1259 OID 27139)
-- Name: auth_permission_content_type_id_2f476e4b; Type: INDEX; Schema: public; Owner: postgres
--

CREATE INDEX auth_permission_content_type_id_2f476e4b ON public.auth_permission USING btree (content_type_id);


--
-- TOC entry 2800 (class 1259 OID 27169)
-- Name: auth_user_groups_group_id_97559544; Type: INDEX; Schema: public; Owner: postgres
--

CREATE INDEX auth_user_groups_group_id_97559544 ON public.auth_user_groups USING btree (group_id);


--
-- TOC entry 2803 (class 1259 OID 27168)
-- Name: auth_user_groups_user_id_6a12ed8b; Type: INDEX; Schema: public; Owner: postgres
--

CREATE INDEX auth_user_groups_user_id_6a12ed8b ON public.auth_user_groups USING btree (user_id);


--
-- TOC entry 2806 (class 1259 OID 27183)
-- Name: auth_user_user_permissions_permission_id_1fbb5f2c; Type: INDEX; Schema: public; Owner: postgres
--

CREATE INDEX auth_user_user_permissions_permission_id_1fbb5f2c ON public.auth_user_user_permissions USING btree (permission_id);


--
-- TOC entry 2809 (class 1259 OID 27182)
-- Name: auth_user_user_permissions_user_id_a95ead1b; Type: INDEX; Schema: public; Owner: postgres
--

CREATE INDEX auth_user_user_permissions_user_id_a95ead1b ON public.auth_user_user_permissions USING btree (user_id);


--
-- TOC entry 2797 (class 1259 OID 27257)
-- Name: auth_user_username_6821ab7c_like; Type: INDEX; Schema: public; Owner: postgres
--

CREATE INDEX auth_user_username_6821ab7c_like ON public.auth_user USING btree (username varchar_pattern_ops);


--
-- TOC entry 2812 (class 1259 OID 27205)
-- Name: django_admin_log_content_type_id_c4bce8eb; Type: INDEX; Schema: public; Owner: postgres
--

CREATE INDEX django_admin_log_content_type_id_c4bce8eb ON public.django_admin_log USING btree (content_type_id);


--
-- TOC entry 2815 (class 1259 OID 27206)
-- Name: django_admin_log_user_id_c564eba6; Type: INDEX; Schema: public; Owner: postgres
--

CREATE INDEX django_admin_log_user_id_c564eba6 ON public.django_admin_log USING btree (user_id);


--
-- TOC entry 2821 (class 1259 OID 27273)
-- Name: django_session_expire_date_a5c62663; Type: INDEX; Schema: public; Owner: postgres
--

CREATE INDEX django_session_expire_date_a5c62663 ON public.django_session USING btree (expire_date);


--
-- TOC entry 2824 (class 1259 OID 27272)
-- Name: django_session_session_key_c0390e0f_like; Type: INDEX; Schema: public; Owner: postgres
--

CREATE INDEX django_session_session_key_c0390e0f_like ON public.django_session USING btree (session_key varchar_pattern_ops);


--
-- TOC entry 2827 (class 1259 OID 27303)
-- Name: laboratorio_producto_laboratorio_id_3946c423; Type: INDEX; Schema: public; Owner: postgres
--

CREATE INDEX laboratorio_producto_laboratorio_id_3946c423 ON public.laboratorio_producto USING btree (laboratorio_id);


--
-- TOC entry 2835 (class 2606 OID 27148)
-- Name: auth_group_permissions auth_group_permissio_permission_id_84c5c92e_fk_auth_perm; Type: FK CONSTRAINT; Schema: public; Owner: postgres
--

ALTER TABLE ONLY public.auth_group_permissions
    ADD CONSTRAINT auth_group_permissio_permission_id_84c5c92e_fk_auth_perm FOREIGN KEY (permission_id) REFERENCES public.auth_permission(id) DEFERRABLE INITIALLY DEFERRED;


--
-- TOC entry 2836 (class 2606 OID 27143)
-- Name: auth_group_permissions auth_group_permissions_group_id_b120cbf9_fk_auth_group_id; Type: FK CONSTRAINT; Schema: public; Owner: postgres
--

ALTER TABLE ONLY public.auth_group_permissions
    ADD CONSTRAINT auth_group_permissions_group_id_b120cbf9_fk_auth_group_id FOREIGN KEY (group_id) REFERENCES public.auth_group(id) DEFERRABLE INITIALLY DEFERRED;


--
-- TOC entry 2834 (class 2606 OID 27134)
-- Name: auth_permission auth_permission_content_type_id_2f476e4b_fk_django_co; Type: FK CONSTRAINT; Schema: public; Owner: postgres
--

ALTER TABLE ONLY public.auth_permission
    ADD CONSTRAINT auth_permission_content_type_id_2f476e4b_fk_django_co FOREIGN KEY (content_type_id) REFERENCES public.django_content_type(id) DEFERRABLE INITIALLY DEFERRED;


--
-- TOC entry 2837 (class 2606 OID 27163)
-- Name: auth_user_groups auth_user_groups_group_id_97559544_fk_auth_group_id; Type: FK CONSTRAINT; Schema: public; Owner: postgres
--

ALTER TABLE ONLY public.auth_user_groups
    ADD CONSTRAINT auth_user_groups_group_id_97559544_fk_auth_group_id FOREIGN KEY (group_id) REFERENCES public.auth_group(id) DEFERRABLE INITIALLY DEFERRED;


--
-- TOC entry 2838 (class 2606 OID 27158)
-- Name: auth_user_groups auth_user_groups_user_id_6a12ed8b_fk_auth_user_id; Type: FK CONSTRAINT; Schema: public; Owner: postgres
--

ALTER TABLE ONLY public.auth_user_groups
    ADD CONSTRAINT auth_user_groups_user_id_6a12ed8b_fk_auth_user_id FOREIGN KEY (user_id) REFERENCES public.auth_user(id) DEFERRABLE INITIALLY DEFERRED;


--
-- TOC entry 2839 (class 2606 OID 27177)
-- Name: auth_user_user_permissions auth_user_user_permi_permission_id_1fbb5f2c_fk_auth_perm; Type: FK CONSTRAINT; Schema: public; Owner: postgres
--

ALTER TABLE ONLY public.auth_user_user_permissions
    ADD CONSTRAINT auth_user_user_permi_permission_id_1fbb5f2c_fk_auth_perm FOREIGN KEY (permission_id) REFERENCES public.auth_permission(id) DEFERRABLE INITIALLY DEFERRED;


--
-- TOC entry 2840 (class 2606 OID 27172)
-- Name: auth_user_user_permissions auth_user_user_permissions_user_id_a95ead1b_fk_auth_user_id; Type: FK CONSTRAINT; Schema: public; Owner: postgres
--

ALTER TABLE ONLY public.auth_user_user_permissions
    ADD CONSTRAINT auth_user_user_permissions_user_id_a95ead1b_fk_auth_user_id FOREIGN KEY (user_id) REFERENCES public.auth_user(id) DEFERRABLE INITIALLY DEFERRED;


--
-- TOC entry 2841 (class 2606 OID 27195)
-- Name: django_admin_log django_admin_log_content_type_id_c4bce8eb_fk_django_co; Type: FK CONSTRAINT; Schema: public; Owner: postgres
--

ALTER TABLE ONLY public.django_admin_log
    ADD CONSTRAINT django_admin_log_content_type_id_c4bce8eb_fk_django_co FOREIGN KEY (content_type_id) REFERENCES public.django_content_type(id) DEFERRABLE INITIALLY DEFERRED;


--
-- TOC entry 2842 (class 2606 OID 27200)
-- Name: django_admin_log django_admin_log_user_id_c564eba6_fk_auth_user_id; Type: FK CONSTRAINT; Schema: public; Owner: postgres
--

ALTER TABLE ONLY public.django_admin_log
    ADD CONSTRAINT django_admin_log_user_id_c564eba6_fk_auth_user_id FOREIGN KEY (user_id) REFERENCES public.auth_user(id) DEFERRABLE INITIALLY DEFERRED;


--
-- TOC entry 2844 (class 2606 OID 27304)
-- Name: laboratorio_directorgeneral laboratorio_director_laboratorio_id_a25ff13a_fk_laborator; Type: FK CONSTRAINT; Schema: public; Owner: postgres
--

ALTER TABLE ONLY public.laboratorio_directorgeneral
    ADD CONSTRAINT laboratorio_director_laboratorio_id_a25ff13a_fk_laborator FOREIGN KEY (laboratorio_id) REFERENCES public.laboratorio_laboratorio(id) DEFERRABLE INITIALLY DEFERRED;


--
-- TOC entry 2843 (class 2606 OID 27298)
-- Name: laboratorio_producto laboratorio_producto_laboratorio_id_3946c423_fk_laborator; Type: FK CONSTRAINT; Schema: public; Owner: postgres
--

ALTER TABLE ONLY public.laboratorio_producto
    ADD CONSTRAINT laboratorio_producto_laboratorio_id_3946c423_fk_laborator FOREIGN KEY (laboratorio_id) REFERENCES public.laboratorio_laboratorio(id) DEFERRABLE INITIALLY DEFERRED;


--
-- TOC entry 3003 (class 0 OID 0)
-- Dependencies: 6
-- Name: SCHEMA public; Type: ACL; Schema: -; Owner: postgres
--

REVOKE USAGE ON SCHEMA public FROM PUBLIC;
GRANT ALL ON SCHEMA public TO PUBLIC;


-- Completed on 2023-07-25 21:38:17

--
-- PostgreSQL database dump complete
--

